[
    {
        "date": "11/3/15",
        "time": "12:00 pm",
        "opponent": "Test 1",
        "location": "<a href=\"#\" class=\"abc\" tabindex=\"0\" role=\"button\" data-toggle=\"popover\" title=\"<center>Test 1<\/center>\" data-trigger=\"click\" data-placement=\"auto-bottom\">home<\/a>",
        "results": ""
    },
     {
        "date": "11/4/15",
        "time": "2:00pm",
        "opponent": "Test 2",
        "location": "Away",
        "results": ""
    },
        {
        "date": "11/5/15",
        "time": "1:00 pm",
        "opponent": "Test 3",
        "location": "Home",
        "results": ""
    }
]